Job Title,Job Location,Company,Posted,Employees,Industry,Company LinkedIn,Company URL,Lead - First Name,Lead - Last Name,Did Lead Post Job (Y/N)?,Location,Lead LinkedIn,Email,Lead - Job Title,Lead - Location,Lead - University
"Founder in Residence, CEO","Seattle, WA, US",Madrona Venture Labs,Posted 3 weeks ago,2-10 employees,"Information Technology & Services, Computer Software, Financial Services",https://www.linkedin.com/company/madrona-venture-labs/about/,http://madronavl.com/,Ryan,Windham,N,"Seattle, WA, US",https://www.linkedin.com/in/rwindham/,ryan@madronavl.com,Co-Founder and CEO at Zeitworks,"Los Angeles, California, United States",University of Pennsylvania - The Wharton School
"Founder in Residence, CEO","Seattle, WA, US",Madrona Venture Labs,Posted 3 weeks ago,2-10 employees,"Information Technology & Services, Computer Software, Financial Services",https://www.linkedin.com/company/madrona-venture-labs/about/,http://madronavl.com/,Kristen,Hamilton,N,"Seattle, WA, US",https://www.linkedin.com/in/kristenm/,kristen@madronavl.com,"Multi-Time Tech Founder & CEO, Board Director, SVP Strategic Partnerships at Guild Education","Seattle, Washington, United States",Not provided
Board Members,"Seattle, Washington, United States",boardsi,Posted 5 hours ago,11-50 employees,"Financial Services, Banking",https://www.linkedin.com/company/boardsi/about/,https://boardsi.com/,Martin,Rowinski,N,"Seattle, Washington, United States",https://www.linkedin.com/in/martinrowinski/,martin@boardsi.com,CEO at boardsi | Start-up / Early Stage Investor | Author | Board of Advisors Member,"El Dorado Hills, California, United States",California State University-Hayward
Board Member,Greater Seattle Area,boardsi,Posted 1 week ago,11-50 employees,"Food & Beverages, Food Production, Consumer Goods",https://www.linkedin.com/company/boardsi/about/,https://boardsi.com/,Martin,Rowinski,N,Greater Seattle Area,https://www.linkedin.com/in/martinrowinski/,martin@boardsi.com,CEO at boardsi | Start-up / Early Stage Investor | Author | Board of Advisors Member,"El Dorado Hills, California, United States",Not provided
Chief Compliance Officer,"Seattle, Washington, United States","MovoCash, Inc.",Posted 3 days ago,11-50 employees,,https://www.linkedin.com/company/movocash-inc-/about/,http://www.movo.cash/,Renee,Wyckoff,N,"Seattle, Washington, United States",https://www.linkedin.com/in/renee-wyckoff-57492511b/,renee@movo.cash,Executive Assistant To Chief Executive Officer at MovoCash,"El Dorado Hills, California, United States",Not provided
VP Performance Marketing,Greater Seattle Area,Jirav,Posted 6 days ago,11-50 employees,Computer Software,https://www.linkedin.com/company/jirav/about/,http://www.jirav.com/,Dave,Krauthamer,N,Greater Seattle Area,https://www.linkedin.com/in/intelenx/,dave@jirav.com,"CEO, CIO, CTO, CRO, CMO, CSO, founder, QuSecure, Quantum Thought, Chair Band of Angels, Board Member, Venture Investor","Belvedere Tiburon, California, United States",Sonoma State University
VP Performance Marketing,Greater Seattle Area,Jirav,Posted 6 days ago,11-50 employees,Computer Software,https://www.linkedin.com/company/jirav/about/,http://www.jirav.com/,Martin,Zych,Y,Greater Seattle Area,https://www.linkedin.com/in/martinzych/,martin@jirav.com,CEO & Co-Founder at Jirav - Financial Modeling & Data Analytics Expert for High Growth Companies,"San Francisco, California, United States",University of Washington
VP Performance Marketing,Greater Seattle Area,Jirav,Posted 6 days ago,11-50 employees,Computer Software,https://www.linkedin.com/company/jirav/about/,http://www.jirav.com/,Rich,Riley,N,Greater Seattle Area,https://www.linkedin.com/in/rich-riley/,rich@jirav.com,Co-CEO Origin Materials,"New York, New York, United States",University of Pennsylvania - The Wharton School
VP of Sales,"Seattle, WA, US",optimize.health,Posted 4 weeks ago,11-50 employees,"Information Technology & Services, Computer Software, Internet",https://www.linkedin.com/company/optimize-health/about/,https://optimize.health/,Jeff,LeBrun,N,"Seattle, WA, US",https://www.linkedin.com/in/jeffreylebrun/,jeff@optimize.health,CEO - optimize.health. Modern Remote Care Platform.,Greater Seattle Area,University of Michigan
VP of Sales,"Seattle, WA, US",optimize.health,Posted 4 weeks ago,11-50 employees,"Information Technology & Services, Computer Software, Internet",https://www.linkedin.com/company/optimize-health/about/,https://optimize.health/,Randall,Sosnick,N,"Seattle, WA, US",https://www.linkedin.com/in/randall-sosnick/,randall@optimize.health,CEO and Co-Founder at Lookout Health Corp.,"Redwood City, California, United States","University of California, Berkeley - School of Law"
VP of Sales,"Seattle, WA, US",optimize.health,Posted 4 weeks ago,11-50 employees,"Information Technology & Services, Computer Software, Internet",https://www.linkedin.com/company/optimize-health/about/,https://optimize.health/,Ryan,Kim,N,"Seattle, WA, US",https://www.linkedin.com/in/ryansungohkim/,ryan@optimize.health,Business Development @ Optimize.Health | CEO @ Shilo,"Los Angeles, California, United States","University of California, Santa Barbara"
VP of Gas Product Development,"Bothell, Washington, United States Remote",Modern Electron,Posted 3 weeks ago,11-50 employees,Renewables & Environment,https://www.linkedin.com/company/modern-electron/about/,http://www.modernelectron.com/,Tony,Pan,N,"Bothell, Washington, United States Remote",https://www.linkedin.com/in/tony-pan-1487a73/,tony@modernelectron.com,"CEO, Modern Electron - We're Hiring",Greater Seattle Area,Harvard University
CTO - Stratify,"Seattle, WA, US",Madrona Venture Labs,Posted 3 weeks ago,2-10 employees,"Information Technology & Services, Computer Software, Financial Services",https://www.linkedin.com/company/madrona-venture-labs/about/,http://madronavl.com/,Ryan,Windham,N,"Seattle, WA, US",https://www.linkedin.com/in/rwindham/,ryan@madronavl.com,Co-Founder and CEO at Zeitworks,"Los Angeles, California, United States",University of Pennsylvania - The Wharton School
CTO - Stratify,"Seattle, WA, US",Madrona Venture Labs,Posted 3 weeks ago,2-10 employees,"Information Technology & Services, Computer Software, Financial Services",https://www.linkedin.com/company/madrona-venture-labs/about/,http://madronavl.com/,Kristen,Hamilton,N,"Seattle, WA, US",https://www.linkedin.com/in/kristenm/,kristen@madronavl.com,"Multi-Time Tech Founder & CEO, Board Director, SVP Strategic Partnerships at Guild Education","Seattle, Washington, United States",Not provided
Head of Product,"Seattle, Washington, United States",Nori,Posted 1 week ago,2-10 employees,Renewables & Environment,https://www.linkedin.com/company/noricarbonremoval/about/,https://nori.com/,Paul,Gambill,N,"Seattle, Washington, United States",https://www.linkedin.com/in/paulgambill/,paul@nori.com,"CEO at Nori (Techstars '19), a startup reversing climate change","Seattle, Washington, United States",Duke University
Head of Product,"Seattle, Washington, United States",Nori,Posted 1 week ago,2-10 employees,Renewables & Environment,https://www.linkedin.com/company/noricarbonremoval/about/,https://nori.com/,Christophe,Jospe,N,"Seattle, Washington, United States",https://www.linkedin.com/in/cjospe/,christophe@nori.com,Co-Founder and Chief Development Officer at Nori; a blockchain-backed carbon removal marketplace,"Seattle, Washington, United States",Columbia University - School of International and Public Affairs
"Impact Innovation Strategist, Office of the CEO",Greater Seattle Area,"NewImpact, a Humanity Benefit Nonprofit",Posted 1 week ago,2-10 employees,"Management Consulting, Non-profit Organization Management, Think Tanks",https://www.linkedin.com/company/newimpact/about/,http://www.newimpact.care/,Lori,Belknap,N,Greater Seattle Area,https://www.linkedin.com/in/lori-belknap-853008a/,lori@newimpact.care,Executive Assistant to CEO & Owner,Greater Seattle Area,Not provided
Virtual Chief Operating Officer / Law Firm Administrator - Remote,"Seattle, WA, US Remote",How To MANAGE a Small Law Firm,Posted 2 weeks ago,11-50 employees,"Marketing & Advertising, Computer Software, Financial Services",https://www.linkedin.com/company/how-to-manage-a-small-law-firm-com/about/,https://howtomanageasmalllawfirm.com/instagram/,Tami,"Lyon, MA",N,"Seattle, WA, US Remote",https://www.linkedin.com/in/tami-lyon-ma-370251123/,tami@howtomanageasmalllawfirm.com,CEO | Executive Strategist | Communication Whisperer - Delivering vision.,"Woodinville, Washington, United States",University of Wyoming
Virtual Chief Operating Officer / Law Firm Administrator - Remote,"Seattle, WA, US Remote",How To MANAGE a Small Law Firm,Posted 2 weeks ago,11-50 employees,"Marketing & Advertising, Computer Software, Financial Services",https://www.linkedin.com/company/how-to-manage-a-small-law-firm-com/about/,https://howtomanageasmalllawfirm.com/instagram/,Robert,C. Meltzer,N,"Seattle, WA, US Remote",https://www.linkedin.com/in/bob-meltzer/,robert@howtomanageasmalllawfirm.com,Law Firm CEO and Advisor at How To MANAGE a Small Law Firm,"Hinsdale, Illinois, United States",Northern Illinois University
Virtual Chief Operating Officer / Law Firm Administrator - Remote,"Seattle, WA, US Remote",How To MANAGE a Small Law Firm,Posted 2 weeks ago,11-50 employees,"Marketing & Advertising, Computer Software, Financial Services",https://www.linkedin.com/company/how-to-manage-a-small-law-firm-com/about/,https://howtomanageasmalllawfirm.com/instagram/,Terrence,Fogarty,N,"Seattle, WA, US Remote",https://www.linkedin.com/in/terrencefogarty/,terrence@howtomanageasmalllawfirm.com,"Law Firm CEO, COO, and Advisor",Miami-Fort Lauderdale Area,Long Island University
Virtual Chief Operating Officer / Law Firm Administrator - Remote,"Seattle, WA, US Remote",How To MANAGE a Small Law Firm,Posted 2 weeks ago,11-50 employees,"Marketing & Advertising, Computer Software, Financial Services",https://www.linkedin.com/company/how-to-manage-a-small-law-firm-com/about/,https://howtomanageasmalllawfirm.com/instagram/,Stephanie,H. Luongo,N,"Seattle, WA, US Remote",https://www.linkedin.com/in/stephanieluongo/,stephanie@howtomanageasmalllawfirm.com,Managing Partner/Outside CEO,"West Palm Beach, Florida, United States",Simmons University
Virtual Chief Operating Officer / Law Firm Administrator - Remote,"Seattle, WA, US Remote",How To MANAGE a Small Law Firm,Posted 2 weeks ago,11-50 employees,"Marketing & Advertising, Computer Software, Financial Services",https://www.linkedin.com/company/how-to-manage-a-small-law-firm-com/about/,https://howtomanageasmalllawfirm.com/instagram/,Evelyn,Chapman Aucoin,N,"Seattle, WA, US Remote",https://www.linkedin.com/in/evelyn-chapman-aucoin-b922a72/,evelyn@howtomanageasmalllawfirm.com,Management Advisor - Fractional CEO / CFO at How To MANAGE a Small Law Firm,Greater Houston,Not provided
Virtual Chief Operating Officer / Law Firm Administrator - Remote,"Seattle, WA, US Remote",How To MANAGE a Small Law Firm,Posted 2 weeks ago,11-50 employees,"Marketing & Advertising, Computer Software, Financial Services",https://www.linkedin.com/company/how-to-manage-a-small-law-firm-com/about/,https://howtomanageasmalllawfirm.com/instagram/,Afi,Harrington,N,"Seattle, WA, US Remote",https://www.linkedin.com/in/afiharrington/,afi@howtomanageasmalllawfirm.com,"Founder, DC Metro Small Biz CEO Mastermind Group | Business Advisor & Results Coach","Bowie, Maryland, United States",North Carolina State University
Virtual Chief Operating Officer / Law Firm Administrator - Remote,"Seattle, WA, US Remote",How To MANAGE a Small Law Firm,Posted 2 weeks ago,11-50 employees,"Marketing & Advertising, Computer Software, Financial Services",https://www.linkedin.com/company/how-to-manage-a-small-law-firm-com/about/,https://howtomanageasmalllawfirm.com/instagram/,Doug,Watson,N,"Seattle, WA, US Remote",https://www.linkedin.com/in/doug-watson-66727b3b/,doug@howtomanageasmalllawfirm.com,"Marketing and Management Advisor, Fractional CEO at How To MANAGE a Small Law Firm","Mississauga, Ontario, Canada",University of Toronto
Virtual Chief Operating Officer / Law Firm Administrator - Remote,"Seattle, WA, US Remote",How To MANAGE a Small Law Firm,Posted 2 weeks ago,11-50 employees,"Marketing & Advertising, Computer Software, Financial Services",https://www.linkedin.com/company/how-to-manage-a-small-law-firm-com/about/,https://howtomanageasmalllawfirm.com/instagram/,James,Brown,N,"Seattle, WA, US Remote",https://www.linkedin.com/in/james-brown-b2222a169/,james@howtomanageasmalllawfirm.com,Law Firm CEO and Advisor,Greater St. Louis,St. Louis University School of Law
Virtual Chief Operating Officer / Law Firm Administrator - Remote,"Seattle, WA, US Remote",How To MANAGE a Small Law Firm,Posted 2 weeks ago,11-50 employees,"Marketing & Advertising, Computer Software, Financial Services",https://www.linkedin.com/company/how-to-manage-a-small-law-firm-com/about/,https://howtomanageasmalllawfirm.com/instagram/,Zeina,Exilus,N,"Seattle, WA, US Remote",https://www.linkedin.com/in/zeina-exilus-89a27313/,zeina@howtomanageasmalllawfirm.com,Fractional CEO at How To MANAGE a Small Law Firm,"Jacksonville, Florida, United States",University of Miami School of Law
Virtual Chief Operating Officer / Law Firm Administrator - Remote,"Seattle, WA, US Remote",How To MANAGE a Small Law Firm,Posted 2 weeks ago,11-50 employees,"Marketing & Advertising, Computer Software, Financial Services",https://www.linkedin.com/company/how-to-manage-a-small-law-firm-com/about/,https://howtomanageasmalllawfirm.com/instagram/,Juan,Faura,N,"Seattle, WA, US Remote",https://www.linkedin.com/in/juan-faura-9a376523/,juan@howtomanageasmalllawfirm.com,Fractional CMO/CEO at How To MANAGE a Small Law Firm,Dallas-Fort Worth Metroplex,Not provided
Head of Sales (B2B),"Seattle, WA, US",Routable,Posted 1 week ago,2-10 employees,"Information Technology & Services, Computer Software, Internet",https://www.linkedin.com/company/routable/about/,https://routable.com/,Omri,Mor,N,"Seattle, WA, US",https://www.linkedin.com/in/omrimor/,omri@routable.com,Co-founder & CEO at Routable,"San Francisco, California, United States",University of Washington (Seattle)
Head of Sales (B2B),"Seattle, WA, US",Routable,Posted 1 week ago,2-10 employees,"Information Technology & Services, Computer Software, Internet",https://www.linkedin.com/company/routable/about/,https://routable.com/,ilana,stern,N,"Seattle, WA, US",https://www.linkedin.com/in/ilanastern/,ilana@routable.com,"General Partner at Peterson Ventures // Founder + Former-CEO, Lecturer in Entrepreneurship",San Francisco Bay Area,Stanford University Graduate School of Business
"Co- General Counsel (attorney) | National Social Impact Accelerator (part-time, remote, volunteer)","Seattle, WA, US Remote",Ignite Mental Health,Posted 3 weeks ago,11-50 employees,"Marketing & Advertising, Non-profit Organization Management, Internet",https://www.linkedin.com/company/ignite-mental-health/about/,http://www.ignitemh.org/,Bill,Hudenko,N,"Seattle, WA, US Remote",https://www.linkedin.com/in/bill-hudenko-3b737511/,bill@ignitemh.org,C-Level Executive | CEO | CSO | CTO | Technology and Mental Health | Professor of Psychological & Brain Sciences at Dartmouth College,"Lyme, New Hampshire, United States",Vanderbilt University
